X,Y,Z,Polar,Azimuth,Elevation,Frequency,Magnitude,Phase
0.0,0.0,0.0,0.0,-180.0,-180.0,9000000000.0,3.646628666263068e-05,171.24386530997333
0.0,0.0,0.0,0.0,-180.0,-180.0,10000000000.0,8.423007974839511e-05,-20.687940842070134
0.0,0.0,0.0,0.0,-180.0,-180.0,11000000000.0,1.9288533082346e-05,-3.1184886931222153
0.0,0.0,0.0,0.0,-180.0,-180.0,12000000000.0,1.0000000266062396e-10,45.0
0.0,0.0,0.0,0.0,-180.0,-165.0,9000000000.0,4.9794820186891926e-05,-173.60521660633322
0.0,0.0,0.0,0.0,-180.0,-165.0,10000000000.0,8.676240608704498e-05,-13.294029476251923
0.0,0.0,0.0,0.0,-180.0,-165.0,11000000000.0,2.171224416396435e-05,-2.7844382420958858
0.0,0.0,0.0,0.0,-180.0,-165.0,12000000000.0,4.643789041825651e-06,135.36797991971468
0.0,0.0,0.0,0.0,-180.0,-150.0,9000000000.0,5.7549257899914126e-05,-172.26280459866
0.0,0.0,0.0,0.0,-180.0,-150.0,10000000000.0,8.220674640607182e-05,-13.9241577267775
0.0,0.0,0.0,0.0,-180.0,-150.0,11000000000.0,2.0883035898532593e-05,-2.752669961493035
0.0,0.0,0.0,0.0,-180.0,-150.0,12000000000.0,3.665498198712966e-06,130.73469807044538
0.0,0.0,0.0,0.0,-180.0,-135.0,9000000000.0,6.39134612141339e-05,-171.79576014788216
0.0,0.0,0.0,0.0,-180.0,-135.0,10000000000.0,8.07620486111447e-05,-13.745508564989072
0.0,0.0,0.0,0.0,-180.0,-135.0,11000000000.0,1.933813874251707e-05,-1.5601458581692613
0.0,0.0,0.0,0.0,-180.0,-135.0,12000000000.0,3.0018259591836766e-06,136.33712812498376
0.0,0.0,0.0,0.0,-180.0,-120.0,9000000000.0,6.989625284113161e-05,-171.02117367803515
0.0,0.0,0.0,0.0,-180.0,-120.0,10000000000.0,8.264058134208156e-05,-12.947403599252505
0.0,0.0,0.0,0.0,-180.0,-120.0,11000000000.0,1.886553074487193e-05,0.40903584560215833
0.0,0.0,0.0,0.0,-180.0,-120.0,12000000000.0,2.837984314482728e-06,125.96221925895387
0.0,0.0,0.0,0.0,-180.0,-105.0,9000000000.0,7.234284815122294e-05,-170.8224727770536
0.0,0.0,0.0,0.0,-180.0,-105.0,10000000000.0,8.438376766201957e-05,-12.153083757358251
0.0,0.0,0.0,0.0,-180.0,-105.0,11000000000.0,1.8782272060428704e-05,0.5425463158178906
0.0,0.0,0.0,0.0,-180.0,-105.0,12000000000.0,2.186839116782485e-06,124.15854627517244
0.0,0.0,0.0,0.0,-180.0,-90.0,9000000000.0,7.333849031166649e-05,-170.44055633266458
0.0,0.0,0.0,0.0,-180.0,-90.0,10000000000.0,8.527172868850379e-05,-12.772375442325334
0.0,0.0,0.0,0.0,-180.0,-90.0,11000000000.0,1.8256527277141467e-05,2.678612595836525
0.0,0.0,0.0,0.0,-180.0,-90.0,12000000000.0,2.422787621665003e-06,110.88746973529022
0.0,0.0,0.0,0.0,-180.0,-75.0,9000000000.0,7.489134964591372e-05,-170.92993028577231
0.0,0.0,0.0,0.0,-180.0,-75.0,10000000000.0,8.69054729396446e-05,-12.691783233391066
0.0,0.0,0.0,0.0,-180.0,-75.0,11000000000.0,1.806416217471223e-05,4.69300329514745
0.0,0.0,0.0,0.0,-180.0,-75.0,12000000000.0,1.9337071203426953e-06,103.85817154213213
0.0,0.0,0.0,0.0,-180.0,-60.0,9000000000.0,7.664681260964542e-05,-171.12145615575838
0.0,0.0,0.0,0.0,-180.0,-60.0,10000000000.0,8.755799716481071e-05,-12.831667067735381
0.0,0.0,0.0,0.0,-180.0,-60.0,11000000000.0,1.8152912245444256e-05,5.743575949190711
0.0,0.0,0.0,0.0,-180.0,-60.0,12000000000.0,1.95761582757444e-06,110.97874059214362
0.0,0.0,0.0,0.0,-180.0,-45.0,9000000000.0,7.75405390013024e-05,-171.1593700399747
0.0,0.0,0.0,0.0,-180.0,-45.0,10000000000.0,8.825200560520877e-05,-12.613033546935698
0.0,0.0,0.0,0.0,-180.0,-45.0,11000000000.0,1.822046409354166e-05,7.152431315550541
0.0,0.0,0.0,0.0,-180.0,-45.0,12000000000.0,1.784293876867331e-06,108.74037062798487
0.0,0.0,0.0,0.0,-180.0,-30.0,9000000000.0,7.887696169744686e-05,-171.5728643809519
0.0,0.0,0.0,0.0,-180.0,-30.0,10000000000.0,8.892627179958912e-05,-12.277660294498718
0.0,0.0,0.0,0.0,-180.0,-30.0,11000000000.0,1.79987617122769e-05,8.28739638221089
0.0,0.0,0.0,0.0,-180.0,-30.0,12000000000.0,1.6930086298980315e-06,106.2152162734024
0.0,0.0,0.0,0.0,-180.0,-15.0,9000000000.0,8.057295510196024e-05,-171.77512985190273
0.0,0.0,0.0,0.0,-180.0,-15.0,10000000000.0,8.96805570179986e-05,-12.746764844352008
0.0,0.0,0.0,0.0,-180.0,-15.0,11000000000.0,1.8018755284119934e-05,10.446814892256285
0.0,0.0,0.0,0.0,-180.0,-15.0,12000000000.0,1.712986840855145e-06,106.72992631872067
0.0,0.0,0.0,0.0,-180.0,0.0,9000000000.0,8.235298045848553e-05,-172.17799983799532
0.0,0.0,0.0,0.0,-180.0,0.0,10000000000.0,9.0029810850405e-05,-12.740840182422728
0.0,0.0,0.0,0.0,-180.0,0.0,11000000000.0,1.8214416872048388e-05,11.9333708172213
0.0,0.0,0.0,0.0,-180.0,0.0,12000000000.0,1.7528188722164792e-06,100.94515705342346
0.0,0.0,0.0,0.0,-180.0,15.0,9000000000.0,8.37245591357309e-05,-172.6943207020747
0.0,0.0,0.0,0.0,-180.0,15.0,10000000000.0,9.071384062116706e-05,-12.275297430489157
0.0,0.0,0.0,0.0,-180.0,15.0,11000000000.0,1.8374511021843386e-05,13.300758004355025
0.0,0.0,0.0,0.0,-180.0,15.0,12000000000.0,1.846056358555437e-06,99.65553414304539
0.0,0.0,0.0,0.0,-180.0,30.0,9000000000.0,8.462814672894179e-05,-173.62880975476
0.0,0.0,0.0,0.0,-180.0,30.0,10000000000.0,9.140013375172927e-05,-12.093714181910087
0.0,0.0,0.0,0.0,-180.0,30.0,11000000000.0,1.845860763548551e-05,15.179752290004693
0.0,0.0,0.0,0.0,-180.0,30.0,12000000000.0,1.6054151796182843e-06,93.21718977001221
0.0,0.0,0.0,0.0,-180.0,45.0,9000000000.0,8.667101407988876e-05,-174.12731899799687
0.0,0.0,0.0,0.0,-180.0,45.0,10000000000.0,9.184121201108466e-05,-11.785217476648834
0.0,0.0,0.0,0.0,-180.0,45.0,11000000000.0,1.9330003825034696e-05,17.339924102485735
0.0,0.0,0.0,0.0,-180.0,45.0,12000000000.0,1.0904268848272222e-06,98.14960102098878
0.0,0.0,0.0,0.0,-180.0,60.0,9000000000.0,8.774012009418741e-05,-174.17470571281063
0.0,0.0,0.0,0.0,-180.0,60.0,10000000000.0,9.195576036100076e-05,-11.549434903456156
0.0,0.0,0.0,0.0,-180.0,60.0,11000000000.0,1.994931389778766e-05,19.94048742533854
0.0,0.0,0.0,0.0,-180.0,60.0,12000000000.0,9.748512248943116e-07,80.3739748866498
0.0,0.0,0.0,0.0,-180.0,75.0,9000000000.0,8.797442571978621e-05,-175.00189488176747
0.0,0.0,0.0,0.0,-180.0,75.0,10000000000.0,9.167015564487986e-05,-11.57288129568008
0.0,0.0,0.0,0.0,-180.0,75.0,11000000000.0,2.0253423040686134e-05,22.54758151799596
0.0,0.0,0.0,0.0,-180.0,75.0,12000000000.0,1.3015430692191615e-06,87.26085319400607
0.0,0.0,0.0,0.0,-180.0,90.0,9000000000.0,8.810626455522466e-05,-176.1925485410022
0.0,0.0,0.0,0.0,-180.0,90.0,10000000000.0,9.029689287401643e-05,-11.92649926915457
0.0,0.0,0.0,0.0,-180.0,90.0,11000000000.0,2.010979173254661e-05,25.40720339463002
0.0,0.0,0.0,0.0,-180.0,90.0,12000000000.0,1.2875169627769724e-06,84.83495085931409
0.0,0.0,0.0,0.0,-180.0,105.0,9000000000.0,8.896689935200685e-05,-178.62925259331254
0.0,0.0,0.0,0.0,-180.0,105.0,10000000000.0,8.862437944492814e-05,-12.517365753009724
0.0,0.0,0.0,0.0,-180.0,105.0,11000000000.0,2.0515238890232404e-05,28.734718541039136
0.0,0.0,0.0,0.0,-180.0,105.0,12000000000.0,1.3496000424475541e-06,96.16617400834613
0.0,0.0,0.0,0.0,-180.0,120.0,9000000000.0,8.944348856664388e-05,179.47613746335924
0.0,0.0,0.0,0.0,-180.0,120.0,10000000000.0,8.706856237649155e-05,-13.647820070844734
0.0,0.0,0.0,0.0,-180.0,120.0,11000000000.0,2.187501709896703e-05,30.520185658289932
0.0,0.0,0.0,0.0,-180.0,120.0,12000000000.0,1.6861300200848806e-06,95.69317657504821
0.0,0.0,0.0,0.0,-180.0,135.0,9000000000.0,8.899315557261834e-05,177.03522287255964
0.0,0.0,0.0,0.0,-180.0,135.0,10000000000.0,8.497418659474712e-05,-14.922119320205187
0.0,0.0,0.0,0.0,-180.0,135.0,11000000000.0,2.319574948905941e-05,31.40327335287753
0.0,0.0,0.0,0.0,-180.0,135.0,12000000000.0,1.6813923451588835e-06,100.90826171877279
0.0,0.0,0.0,0.0,-180.0,150.0,9000000000.0,8.798920501636451e-05,173.68284842035683
0.0,0.0,0.0,0.0,-180.0,150.0,10000000000.0,8.38945767232531e-05,-15.12186923348151
0.0,0.0,0.0,0.0,-180.0,150.0,11000000000.0,2.4273129629913814e-05,32.73795075658368
0.0,0.0,0.0,0.0,-180.0,150.0,12000000000.0,1.610415546848915e-06,101.3456815460232
0.0,0.0,0.0,0.0,-180.0,165.0,9000000000.0,9.08788341059139e-05,176.29572406043195
0.0,0.0,0.0,0.0,-180.0,165.0,10000000000.0,8.801606688712523e-05,-8.390903772989214
0.0,0.0,0.0,0.0,-180.0,165.0,11000000000.0,2.2593629734476044e-05,39.32221248023181
0.0,0.0,0.0,0.0,-180.0,165.0,12000000000.0,1.5561549584249506e-06,94.21999562775767
0.0,0.0,0.0,0.0,-180.0,180.0,9000000000.0,9.275597763156315e-05,178.06196636308005
0.0,0.0,0.0,0.0,-180.0,180.0,10000000000.0,9.136941200278772e-05,-5.402340456322206
0.0,0.0,0.0,0.0,-180.0,180.0,11000000000.0,2.1879715989274175e-05,44.661159087275685
0.0,0.0,0.0,0.0,-180.0,180.0,12000000000.0,1.374441469912575e-06,107.97712247258006
0.0,0.0,0.0,0.0,-165.0,-180.0,9000000000.0,7.840618119185862e-05,-176.16211785701964
0.0,0.0,0.0,0.0,-165.0,-180.0,10000000000.0,7.66334601308071e-05,-5.170610162581379
0.0,0.0,0.0,0.0,-165.0,-180.0,11000000000.0,2.130760049564474e-05,39.20573292271626
0.0,0.0,0.0,0.0,-165.0,-180.0,12000000000.0,1.4441203173931908e-06,100.3507728613665
0.0,0.0,0.0,0.0,-165.0,-165.0,9000000000.0,6.796844147389654e-05,-170.34006430948634
0.0,0.0,0.0,0.0,-165.0,-165.0,10000000000.0,6.156518945802972e-05,-0.15298395596784617
0.0,0.0,0.0,0.0,-165.0,-165.0,11000000000.0,1.9615887570252844e-05,35.78759813180066
0.0,0.0,0.0,0.0,-165.0,-165.0,12000000000.0,1.8456732146269933e-06,91.2669534498896
0.0,0.0,0.0,0.0,-165.0,-150.0,9000000000.0,5.896241705423973e-05,-165.47256728532582
0.0,0.0,0.0,0.0,-165.0,-150.0,10000000000.0,5.000266627659818e-05,7.378993634689333
0.0,0.0,0.0,0.0,-165.0,-150.0,11000000000.0,1.844346509730902e-05,31.385235547710742
0.0,0.0,0.0,0.0,-165.0,-150.0,12000000000.0,1.798323034458815e-06,85.04521447735162
0.0,0.0,0.0,0.0,-165.0,-135.0,9000000000.0,5.050166434772225e-05,-159.52092345175242
0.0,0.0,0.0,0.0,-165.0,-135.0,10000000000.0,3.930964603722811e-05,14.357689117628608
0.0,0.0,0.0,0.0,-165.0,-135.0,11000000000.0,1.775282729847626e-05,27.98422653394501
0.0,0.0,0.0,0.0,-165.0,-135.0,12000000000.0,1.7745690319208096e-06,81.83328762465618
0.0,0.0,0.0,0.0,-165.0,-120.0,9000000000.0,4.310650251341786e-05,-153.90254415712408
0.0,0.0,0.0,0.0,-165.0,-120.0,10000000000.0,2.7655786545251248e-05,23.53197234739381
0.0,0.0,0.0,0.0,-165.0,-120.0,11000000000.0,1.7359403056610014e-05,25.708821199181884
0.0,0.0,0.0,0.0,-165.0,-120.0,12000000000.0,2.0239170227016253e-06,82.92328498841519
0.0,0.0,0.0,0.0,-165.0,-105.0,9000000000.0,3.709564671230575e-05,-146.76108431025872
0.0,0.0,0.0,0.0,-165.0,-105.0,10000000000.0,2.0047795429333372e-05,39.71684176479152
0.0,0.0,0.0,0.0,-165.0,-105.0,11000000000.0,1.721486778437235e-05,23.040336617840616
0.0,0.0,0.0,0.0,-165.0,-105.0,12000000000.0,2.074885147349388e-06,80.03728326737892
0.0,0.0,0.0,0.0,-165.0,-90.0,9000000000.0,3.2292626670922886e-05,-135.51020117980212
0.0,0.0,0.0,0.0,-165.0,-90.0,10000000000.0,1.744366370327028e-05,62.573867228117216
0.0,0.0,0.0,0.0,-165.0,-90.0,11000000000.0,1.7286916097625422e-05,20.697303817523036
0.0,0.0,0.0,0.0,-165.0,-90.0,12000000000.0,1.918400853111007e-06,80.41996413797398
0.0,0.0,0.0,0.0,-165.0,-75.0,9000000000.0,2.8212525216408756e-05,-122.00160304809718
0.0,0.0,0.0,0.0,-165.0,-75.0,10000000000.0,1.7740310574637147e-05,87.11013114091408
0.0,0.0,0.0,0.0,-165.0,-75.0,11000000000.0,1.6599581635374305e-05,18.8769819269009
0.0,0.0,0.0,0.0,-165.0,-75.0,12000000000.0,1.826380265832417e-06,72.25834791724584
0.0,0.0,0.0,0.0,-165.0,-60.0,9000000000.0,2.4540423650813793e-05,-108.7620284726512
0.0,0.0,0.0,0.0,-165.0,-60.0,10000000000.0,1.93565473371281e-05,107.01455531808021
0.0,0.0,0.0,0.0,-165.0,-60.0,11000000000.0,1.6295676972658238e-05,15.650337146007628
0.0,0.0,0.0,0.0,-165.0,-60.0,12000000000.0,1.8427231178835007e-06,60.95315523469473
0.0,0.0,0.0,0.0,-165.0,-45.0,9000000000.0,2.3181187078141532e-05,-92.51883923866036
0.0,0.0,0.0,0.0,-165.0,-45.0,10000000000.0,2.329367931052542e-05,121.22791204786824
0.0,0.0,0.0,0.0,-165.0,-45.0,11000000000.0,1.5593858979088563e-05,14.11232343687545
0.0,0.0,0.0,0.0,-165.0,-45.0,12000000000.0,1.608472383570461e-06,54.06444042378509
0.0,0.0,0.0,0.0,-165.0,-30.0,9000000000.0,2.2141355417422507e-05,-77.17866099199254
0.0,0.0,0.0,0.0,-165.0,-30.0,10000000000.0,2.8038036834628777e-05,129.55297431149853
0.0,0.0,0.0,0.0,-165.0,-30.0,11000000000.0,1.563990769487902e-05,13.89811148556282
0.0,0.0,0.0,0.0,-165.0,-30.0,12000000000.0,1.95420477958606e-06,51.9295562232473
0.0,0.0,0.0,0.0,-165.0,-15.0,9000000000.0,2.3427506045400992e-05,-66.60017217145356
0.0,0.0,0.0,0.0,-165.0,-15.0,10000000000.0,3.113761693020999e-05,134.43908487745213
0.0,0.0,0.0,0.0,-165.0,-15.0,11000000000.0,1.548577558908058e-05,11.260061322547056
0.0,0.0,0.0,0.0,-165.0,-15.0,12000000000.0,2.038075049199612e-06,54.1828976353794
0.0,0.0,0.0,0.0,-165.0,0.0,9000000000.0,2.6646260935392043e-05,-63.444324571904595
0.0,0.0,0.0,0.0,-165.0,0.0,10000000000.0,3.424377585179678e-05,140.79185927382773
0.0,0.0,0.0,0.0,-165.0,0.0,11000000000.0,1.5311611983289545e-05,10.694473698885709
0.0,0.0,0.0,0.0,-165.0,0.0,12000000000.0,1.7203153178580372e-06,69.68074173346564
0.0,0.0,0.0,0.0,-165.0,15.0,9000000000.0,2.9252970744184256e-05,-61.40470452828589
0.0,0.0,0.0,0.0,-165.0,15.0,10000000000.0,3.846099378412497e-05,146.02830531877774
0.0,0.0,0.0,0.0,-165.0,15.0,11000000000.0,1.5291634843582813e-05,9.403239691159275
0.0,0.0,0.0,0.0,-165.0,15.0,12000000000.0,1.7522493844339766e-06,59.08276802241078
0.0,0.0,0.0,0.0,-165.0,30.0,9000000000.0,3.02732640578597e-05,-58.8437305004609
0.0,0.0,0.0,0.0,-165.0,30.0,10000000000.0,4.3718375978722044e-05,147.5162623373253
0.0,0.0,0.0,0.0,-165.0,30.0,11000000000.0,1.5263033664095223e-05,9.232439651241341
0.0,0.0,0.0,0.0,-165.0,30.0,12000000000.0,1.981559966379105e-06,66.13234806292725
0.0,0.0,0.0,0.0,-165.0,45.0,9000000000.0,2.935156681633197e-05,-53.82694737696756
0.0,0.0,0.0,0.0,-165.0,45.0,10000000000.0,4.661169640341038e-05,147.23747051152418
0.0,0.0,0.0,0.0,-165.0,45.0,11000000000.0,1.4896101665124201e-05,7.834798464327308
0.0,0.0,0.0,0.0,-165.0,45.0,12000000000.0,2.0302000038180697e-06,68.09401074802577
0.0,0.0,0.0,0.0,-165.0,60.0,9000000000.0,3.152419349620225e-05,-48.152875782303724
0.0,0.0,0.0,0.0,-165.0,60.0,10000000000.0,5.11467851773501e-05,147.76171769865442
0.0,0.0,0.0,0.0,-165.0,60.0,11000000000.0,1.4146829498471523e-05,7.853853136143828
0.0,0.0,0.0,0.0,-165.0,60.0,12000000000.0,1.6981541967791648e-06,65.78423430500033
0.0,0.0,0.0,0.0,-165.0,75.0,9000000000.0,3.2493170964134914e-05,-39.95455893033409
0.0,0.0,0.0,0.0,-165.0,75.0,10000000000.0,5.40504292945847e-05,150.4055712737999
0.0,0.0,0.0,0.0,-165.0,75.0,11000000000.0,1.3980080611572346e-05,8.034012257324145
0.0,0.0,0.0,0.0,-165.0,75.0,12000000000.0,1.5831542782711514e-06,68.6577017651039
0.0,0.0,0.0,0.0,-165.0,90.0,9000000000.0,3.3368008555466715e-05,-34.0493838953375
0.0,0.0,0.0,0.0,-165.0,90.0,10000000000.0,5.723021119254148e-05,152.93444303239716
0.0,0.0,0.0,0.0,-165.0,90.0,11000000000.0,1.4119611869518546e-05,9.24761691723148
0.0,0.0,0.0,0.0,-165.0,90.0,12000000000.0,1.7104027431791056e-06,71.10641359491265
0.0,0.0,0.0,0.0,-165.0,105.0,9000000000.0,3.271719499926912e-05,-27.487543888038594
0.0,0.0,0.0,0.0,-165.0,105.0,10000000000.0,5.8565737311411014e-05,152.22271134544613
0.0,0.0,0.0,0.0,-165.0,105.0,11000000000.0,1.4077876464087225e-05,13.042474447228933
0.0,0.0,0.0,0.0,-165.0,105.0,12000000000.0,1.6688083984674694e-06,61.97555754130104
0.0,0.0,0.0,0.0,-165.0,120.0,9000000000.0,3.262494968842251e-05,-19.973202257327515
0.0,0.0,0.0,0.0,-165.0,120.0,10000000000.0,5.895299117934983e-05,150.11605677290382
0.0,0.0,0.0,0.0,-165.0,120.0,11000000000.0,1.4075567191126936e-05,18.369903703653023
0.0,0.0,0.0,0.0,-165.0,120.0,12000000000.0,1.7822193986206887e-06,66.84788233918889
0.0,0.0,0.0,0.0,-165.0,135.0,9000000000.0,3.290665858850539e-05,-12.477047349959815
0.0,0.0,0.0,0.0,-165.0,135.0,10000000000.0,5.9857924921709405e-05,144.74121272458171
0.0,0.0,0.0,0.0,-165.0,135.0,11000000000.0,1.4919616629576145e-05,24.426212179690282
0.0,0.0,0.0,0.0,-165.0,135.0,12000000000.0,2.2396412705198327e-06,73.04103325470122
0.0,0.0,0.0,0.0,-165.0,150.0,9000000000.0,3.1078024739083865e-05,-2.871248119904261
0.0,0.0,0.0,0.0,-165.0,150.0,10000000000.0,6.0685637899366277e-05,147.20350246181837
0.0,0.0,0.0,0.0,-165.0,150.0,11000000000.0,1.461313213244854e-05,29.616064594807636
0.0,0.0,0.0,0.0,-165.0,150.0,12000000000.0,2.5468198623656834e-06,82.43197348696715
0.0,0.0,0.0,0.0,-165.0,165.0,9000000000.0,3.062320745386257e-05,5.019644894649625
0.0,0.0,0.0,0.0,-165.0,165.0,10000000000.0,5.877778115347754e-05,150.25051092326555
0.0,0.0,0.0,0.0,-165.0,165.0,11000000000.0,1.5103963549783348e-05,34.36684496141266
0.0,0.0,0.0,0.0,-165.0,165.0,12000000000.0,2.4447159747955526e-06,88.98847368046872
0.0,0.0,0.0,0.0,-165.0,180.0,9000000000.0,3.269955967618862e-05,5.764714634425374
0.0,0.0,0.0,0.0,-165.0,180.0,10000000000.0,5.708923871886628e-05,155.15633314603448
0.0,0.0,0.0,0.0,-165.0,180.0,11000000000.0,1.4806751688851272e-05,35.904061113587126
0.0,0.0,0.0,0.0,-165.0,180.0,12000000000.0,2.1500539703650717e-06,94.19160515788204
0.0,0.0,0.0,0.0,-150.0,-180.0,9000000000.0,2.7853365323901097e-05,79.4415974730162
0.0,0.0,0.0,0.0,-150.0,-180.0,10000000000.0,4.09146137045396e-05,154.5358427483969
0.0,0.0,0.0,0.0,-150.0,-180.0,11000000000.0,1.1963134245804066e-05,34.02815736698818
0.0,0.0,0.0,0.0,-150.0,-180.0,12000000000.0,2.261608003684637e-06,100.43769945400682
